# Name,   Type, SubType, Offset,  Size, Flags
#
# Matches Arduino FQBN PartitionScheme=app3M_fat9M_16MB.
# The ffat region is reserved for FQBN / OTA layout parity with existing
# field devices. Firmware does not mount FAT today; do not shrink or move
# it without a coordinated migration (full reflash + otadata reset).
nvs,      data, nvs,     0x9000,  0x5000,
otadata,  data, ota,     0xe000,  0x2000,
app0,     app,  ota_0,   0x10000, 0x300000,
app1,     app,  ota_1,   0x310000,0x300000,
ffat,     data, fat,     0x610000,0x9E0000,
coredump, data, coredump,0xFF0000,0x10000,
